{"assets/dotEnv.env":["assets/dotEnv.env"],"assets/icon/icon.png":["assets/icon/icon.png"],"assets/icon/play_icon.png":["assets/icon/play_icon.png"],"assets/img/.DS_Store":["assets/img/.DS_Store"],"assets/img/logo_playmax.png":["assets/img/logo_playmax.png"],"assets/lotties/.DS_Store":["assets/lotties/.DS_Store"],"assets/lotties/page_not_found_animation.json":["assets/lotties/page_not_found_animation.json"],"assets/sounds/.DS_Store":["assets/sounds/.DS_Store"],"assets/sounds/playmax_alarm_mixdown.mp3":["assets/sounds/playmax_alarm_mixdown.mp3"],"packages/cupertino_icons/assets/CupertinoIcons.ttf":["packages/cupertino_icons/assets/CupertinoIcons.ttf"],"packages/fluttertoast/assets/toastify.css":["packages/fluttertoast/assets/toastify.css"],"packages/fluttertoast/assets/toastify.js":["packages/fluttertoast/assets/toastify.js"],"packages/youtube_player_iframe/assets/player.html":["packages/youtube_player_iframe/assets/player.html"]}